{"initial_reset_timestamp": 1532996550.9226182, "timestamps": [1532996553.7426004], "episode_lengths": [200], "episode_rewards": [200.0], "episode_types": ["t"]}