{"episode_lengths": [200], "episode_rewards": [200.0], "timestamps": [1533022794.0757725], "initial_reset_timestamp": 1533022791.4150708, "episode_types": ["t"]}