{"episode_rewards": [200.0], "initial_reset_timestamp": 1533021915.53393, "episode_lengths": [200], "timestamps": [1533021918.2456927], "episode_types": ["t"]}